{"cameraMode":{"drawMode":0,"name":"Shaded","section":"Shading Mode"},"sceneLighting":true,"audioPlay":false,"sceneViewState":{"showFog":false,"showMaterialUpdate":false,"showSkybox":false,"showFlares":false,"showImageEffects":false,"showParticleSystems":false},"in2DMode":false,"pivot":{"x":6.383295059204102,"y":28.939775466918947,"z":862.178955078125},"rotation":{"x":-0.4777057468891144,"y":-0.23824965953826905,"z":0.13638031482696534,"w":-0.834527313709259},"size":15.75753402709961,"orthographic":false}