{"cameraMode":{"drawMode":0,"name":"Shaded","section":"Shading Mode"},"sceneLighting":true,"audioPlay":false,"sceneViewState":{"showFog":true,"showMaterialUpdate":true,"showSkybox":true,"showFlares":true,"showImageEffects":true,"showParticleSystems":true},"in2DMode":false,"pivot":{"x":-14.99034309387207,"y":-4.343099594116211,"z":35.45113754272461},"rotation":{"x":0.10974306613206864,"y":-0.3032192289829254,"z":0.03517861291766167,"w":0.9459271430969238},"size":27.675315856933595,"orthographic":false}