{"cameraMode":{"drawMode":0,"name":"Shaded","section":"Shading Mode"},"sceneLighting":true,"audioPlay":false,"sceneViewState":{"m_AlwaysRefresh":false,"showFog":false,"showSkybox":false,"showFlares":false,"showImageEffects":false,"showParticleSystems":false,"showVisualEffectGraphs":true,"m_FxEnabled":true},"in2DMode":false,"pivot":{"x":0.17592132091522218,"y":1.8632776737213135,"z":-1.9644584655761719},"rotation":{"x":-0.13250204920768739,"y":0.005055268295109272,"z":-0.0006699504447169602,"w":-0.9911735653877258},"size":3.552053928375244,"orthographic":false}